Name , Birth Month , Birth Day , Birth Year , Birth City , Birth State , Dead , Death Date , Age
Amar Singh , December , 4 , 1910 , Rajkot , Gujarat , 1 , May 21 1940 , 30  years 0 days
Sorabji Colah , September , 22 , 1902 , Bombay (now Mumbai) , Maharashtra , 1 , September 11 1950 , 48  years 0 days
Jahangir Khan , February , 1 , 1910 , Basti Ghuzan , Jullundur (now Jalandhar)| Punjab , 1 , July 23 1988 , 78  years 0 days
Lall Singh , December , 16 , 1909 , Kuala Lumpur , Malaya , 1 , November 19 1985 , 76  years 0 days
Naoomal Jeoomal , April , 17 , 1904 , Karachi , Sind , 1 , July 28 1980 , 76  years 0 days
Janardan Navle , December , 7 , 1902 , Fulgaon , Maharashtra , 1 , September 7 1979 , 77  years 0 days
C.K.Nayudu , October , 31 , 1895 , Nagpur , Maharashtra , 1 , November 14 1967 , 72  years 0 days
Nazir Ali , June , 8 , 1906 , Jullundur (now Jalandhar) , Punjab , 1 , February 18 1975 , 69  years 0 days
Mohammad Nissar , August , 1 , 1910 , Hoshiarpur , Punjab , 1 , March 11 1963 , 53  years 0 days
Phiroze Palia , September , 5 , 1910 , Bombay (now Mumbai) , Maharashtra , 1 , September 9 1981 , 71  years 0 days
Syed Wazir Ali , September , 15 , 1903 , Jullundur (now Jalandhar) , Punjab , 1 , June 17 1950 , 47  years 0 days
Lala Amarnath , September , 11 , 1911 , Kapurthala , Punjab , 1 , August 5 2000 , 89  years 0 days
Laxmidas Jai , April , 1 , 1902 , Bombay (now Mumbai) , Maharashtra , 1 , January 29 1968 , 66  years 0 days
Rustomji Jamshedji , November , 18 , 1892 , Bombay (now Mumbai) , Maharashtra , 1 , April 5 1976 , 84  years 0 days
Vijay Merchant , October , 12 , 1911 , Bombay (now Mumbai) , Maharashtra , 1 , October 27 1987 , 76  years 0 days
Ladha Ramji , February , 10 , 1900 , Pidhar , Gujarat , 1 , December 20 1948 , 48  years 0 days
Dilawar Hussain , March , 19 , 1907 , Lahore , Punjab , 1 , August 26 1967 , 60  years 0 days
Morappakam Gopalan , June , 6 , 1909 , Morappakam , Morappakam , 1 , December 21 2003 , 94  years 0 days
Mushtaq Ali , December , 17 , 1914 , Indore , Madhya Pradesh , 1 , June 18 2005 , 91  years 0 days
C.S. Nayudu , April , 18 , 1914 , Nagpur , Maharashtra , 1 , November 22 2002 , 88  years 0 days
Yuvraj of Patiala , January , 17 , 1913 , Patiala , Punjab , 1 , June 17 1974 , 61  years 0 days
Dattaram Hindlekar , January , 1 , 1909 , Bombay (now Mumbai) , Maharashtra , 1 , March 30 1949 , 40  years 0 days
Maharajah of Vizianagram , December , 28 , 1905 , Benares (now Varanasi) , Uttar Pradesh , 1 , December 2 1965 , 60  years 0 days
Khershed Meherhomji , August , 9 , 1911 , Bombay (now Mumbai) , Maharashtra , 1 , February 10 1982 , 71  years 0 days
Cotar Ramaswami , June , 16 , 1896 , Madras (now Chennai) , Madras (now Chennai) , 1 , January 1990 NA , NA  years 0 days
Baqa Jilani , July , 20 , 1911 , Jullundur (now Jalandhar) , Punjab , 1 , July 2 1941 , 30  years 0 days
Gul Mohammad , October , 15 , 1921 , Lahore , Punjab , 1 , May 8 1992 , 71  years 0 days
Vijay Hazare , March , 11 , 1915 , Sangli , Maharashtra , 1 , December 18 2004 , 89  years 0 days
Abdul Kardar , January , 17 , 1925 , Lahore , Punjab , 1 , April 21 1996 , 71  years 0 days
Vinoo Mankad , April , 12 , 1917 , Jamnagar , Gujarat , 1 , August 21 1978 , 61  years 0 days
Rusi Modi , November , 11 , 1924 , Bombay (now Mumbai) , Maharashtra , 1 , May 17 1996 , 72  years 0 days
Nawab of Pataudi , March , 16 , 1910 , Pataudi , Punjab , 1 , January 5 1952 , 42  years 0 days
Sadu Shinde , August , 18 , 1923 , Bombay (now Mumbai) , Maharashtra , 1 , June 22 1955 , 32  years 0 days
Chandu Sarwate , July , 22 , 1920 , Sagor , Madhya Pradesh , 1 , December 23 2003 , 83  years 0 days
Ranga Sohoni , March , 5 , 1918 , Nimbahera , Rajasthan , 1 , May 19 1993 , 75  years 0 days
Hemu Adhikari , July , 31 , 1919 , Poona (now Pune) , Maharashtra , 1 , October 25 2003 , 84  years 0 days
Jenni Irani , August , 18 , 1923 , Karachi , Sind , 1 , February 25 1982 , 59  years 0 days
Gogumal Kishenchand , April , 14 , 1925 , Karachi , Sind , 1 , April 16 1997 , 72  years 0 days
Khandu Rangnekar , June , 27 , 1917 , Bombay (now Mumbai) , Maharashtra , 1 , October 11 1984 , 67  years 0 days
Amir Elahi , September , 1 , 1908 , Lahore , Punjab , 1 , December 28 1980 , 72  years 0 days
Dattu Phadkar , December , 12 , 1925 , Kolhapur , Maharashtra , 1 , March 17 1985 , 60  years 0 days
Kanwar Rai Singh , February , 24 , 1922 , Darkati , Punjab , 1 , November 12 1993 , 71  years 0 days
Khokhan Sen , May , 31 , 1926 , Comilla , (now Bangladesh) , 1 , January 27 1970 , 44  years 0 days
Commandur Rangachari , April , 14 , 1916 , Mamandur , Madras , 1 , October 9 1993 , 77  years 0 days
KC Ibrahim , January , 26 , 1919 , Bombay (now Mumbai) , Maharashtra , 1 , November 12 2007 , 88  years 0 days
Keki Tarapore , December , 17 , 1910 , Bombay (now Mumbai) , Maharashtra , 1 , June 15 1986 , 76  years 0 days
Polly Umrigar , March , 28 , 1926 , Sholapur , Maharashtra , 1 , November 7 2006 , 80  years 0 days
Mantu Banerjee , November , 1 , 1919 , Calcutta (now Kolkata) , Bengal , 1 , September 14 1992 , 73  years 0 days
Ghulam Ahmed , July , 4 , 1922 , Hyderabad , Andhra Pradesh , 1 , October 28 1998 , 76  years 0 days
Nirode Chowdhury , May , 23 , 1923 , Jamshedpur , Bihar (now Jharkhand) , 1 , December 14 1979 , 56  years 0 days
Madhusudan Rege , March , 18 , 1924 , Panvel , Maharashtra , 1 , December 16 NA , NA  years 0 days
Shute Banerjee , October , 3 , 1911 , Calcutta (now Kolkata) , Bengal , 1 , October 14 1980 , 69  years 0 days
Nana Joshi , October , 27 , 1926 , Baroda , Gujarat , 1 , January 8 1987 , 61  years 0 days
Pankaj Roy , May , 31 , 1928 , Calcutta (now Kolkata) , Bengal , 1 , February 4 2001 , 73  years 0 days
Coimbatarao Gopinath , March , 1 , 1930 , Madras (now Chennai) , Madras (now Chennai) , 0 , NA , 87 years 50 days
M.K.Mantri , September , 1 , 1921 , Nasik , Maharashtra , 1 , May 23 2014 , 93  years 0 days
Ramesh Divecha , October , 18 , 1927 , Kadakvadi , Maharashtra , 1 , February 19 2003 , 76  years 0 days
Subhash Gupte , December , 11 , 1929 , Bombay (now Mumbai) , Maharashtra , 1 , May 31 2002 , 73  years 0 days
Vijay Manjrekar , September , 26 , 1931 , Bombay (now Mumbai) , Maharashtra , 1 , October 18 1983 , 52  years 0 days
Datta Gaekwad , October , 27 , 1928 , Baroda , Gujarat , 0 , NA , 88 years 175 days
Gulabrai Ramchand , July , 26 , 1927 , Karachi , Sind (now in Pakistan)| India , 1 , September 8 2003 , 76  years 0 days
Hiralal Gaekwad , August , 29 , 1923 , Nagpur , Maharashtra , 1 , January 2 2003 , 80  years 0 days
Shah Nyalchand , September , 14 , 1919 , Dhrangadhra , Gujarat , 1 , January 4 1997 , 78  years 0 days
Madhav Apte , October , 5 , 1932 , Bombay (now Mumbai) , Maharashtra , 0 , NA , 84 years 197 days
Bal Dani , May , 24 , 1933 , Dudhani , Maharashtra , 1 , December 19 1999 , 66  years 0 days
Vijay Rajindernath , January , 7 , 1928 , Amritsar , Punjab , 1 , November 22 1989 , 61  years 0 days
Ebrahim Maka , March , 5 , 1922 , Daman , Daman , 1 , November 7 1994 , 72  years 0 days
Deepak Shodhan , October , 18 , 1928 , Ahmedabad , Gujarat , 1 , May 16 2016 , 88  years 0 days
Chandrasekhar Gadkari , February , 3 , 1928 , Poona (now Pune) , Maharashtra , 1 , January 11 1998 , 70  years 0 days
Jayasinghrao Ghorpade , October , 2 , 1930 , Panchgani , Maharashtra , 1 , March 29 1978 , 48  years 0 days
Pananmal Punjabi , September , 20 , 1921 , Karachi , Sind , 1 , October 4 2011 , 90  years 0 days
Naren Tamhane , August , 4 , 1931 , Bombay (now Mumbai) , Maharashtra , 1 , March 19 2002 , 71  years 0 days
Prakash Bhandari , November , 27 , 1935 , Delhi , Delhi , 0 , NA , 81 years 144 days
Jasubhai Patel , November , 26 , 1924 , Ahmedabad , Gujarat , 1 , December 12 1992 , 68  years 0 days
AG Kripal Singh , August , 6 , 1933 , Madras (now Chennai) , Madras (now Chennai) , 1 , July 22 1987 , 54  years 0 days
Narain Swamy , May , 23 , 1924 , Calicut (now Kozhikhode) , Kerala , 1 , May 1 1983 , 59  years 0 days
Nari Contractor , March , 7 , 1934 , Godhra , Gujarat , 0 , NA , 83 years 44 days
Vijay Mehra , March , 12 , 1938 , Amritsar , Punjab , 1 , August 25 2006 , 68  years 0 days
Sadashiv Patil , October , 10 , 1933 , Kolhapur , Maharashtra , 0 , NA , 83 years 192 days
Bapu Nadkarni , April , 4 , 1933 , Nasik , Maharashtra , 0 , NA , 84 years 16 days
Gundibail Sunderam , March , 29 , 1930 , Udupi , Karnataka , 1 , June 20 2010 , 80  years 0 days
Chandrakant Patankar , November , 24 , 1930 , Pen , Maharashtra , 0 , NA , 86 years 147 days
Chandu Borde , July , 21 , 1934 , Poona (now Pune) , Maharashtra , 0 , NA , 82 years 273 days
Ghulam Guard , December , 12 , 1925 , Surat , Gujarat , 1 , March 13 1978 , 53  years 0 days
Manohar Hardikar , February , 8 , 1936 , Baroda , Gujarat , 1 , February 4 1995 , 59  years 0 days
Vasant Ranjane , July , 22 , 1937 , Poona (now Pune) , Maharashtra , 1 , December 22 2011 , 74  years 0 days
Ramnath Kenny , September , 29 , 1930 , Bombay (now Mumbai) , Maharashtra , 1 , November 21 1985 , 55  years 0 days
Surendranath , January , 4 , 1937 , Meerut , Uttar Pradesh , 1 , May 5 2012 , 75  years 0 days
AK Sengupta , August , 3 , 1939 , Lucknow , Uttar Pradesh , 1 , September 14 2013 , 74  years 0 days
Ramakant Desai , June , 20 , 1939 , Bombay (now Mumbai) , Maharashtra , 1 , April 27 1998 , 59  years 0 days
Motganhalli Jaisimha , March , 3 , 1939 , Secunderabad , Andhra Pradesh , 1 , July 6 1999 , 60  years 0 days
Arvind Apte , October , 24 , 1934 , Bombay (now Mumbai) , Maharashtra , 1 , August 5 2014 , 80  years 0 days
Abbas Ali Baig , March , 19 , 1939 , Hyderabad , Andhra Pradesh , 0 , NA , 78 years 32 days
Venatappa Muddiah , June , 8 , 1929 , Bangalore , Karnataka , 1 , October 1 2009 , 80  years 0 days
Salim Durani , December , 11 , 1934 , Kabul , Afghanistan , 0 , NA , 82 years 130 days
Budhi Kunderan , October , 2 , 1939 , Mulki , Karnataka , 1 , June 23 2006 , 67  years 0 days
AG Milkha Singh , December , 31 , 1941 , Madras (now Chennai) , Madras (now Chennai) , 0 , NA , 75 years 110 days
Man Sood , July , 6 , 1939 , Lahore , Punjab , 0 , NA , 77 years 288 days
Rusi Surti , May , 25 , 1936 , Surat , Gujarat , 1 , January 12 2013 , 77  years 0 days
Baloo Gupte , August , 30 , 1934 , Bombay (now Mumbai) , Maharashtra , 1 , July 5 2005 , 71  years 0 days
Vaman Kumar , June , 22 , 1935 , Madras (now Chennai) , Madras (now Chennai) , 0 , NA , 81 years 302 days
Farokh Engineer , February , 25 , 1938 , Bombay (now Mumbai) , Maharashtra , 0 , NA , 79 years 54 days
Dilip Sardesai , August , 8 , 1940 , Margao , Goa , 1 , July 2 2007 , 67  years 0 days
Nawab of Pataudi , January , 5 , 1941 , Bhopal , Madhya Pradesh , 1 , September 22 2011 , 70  years 0 days
Erapalli Prasanna , May , 22 , 1940 , Bangalore , Karnataka , 0 , NA , 76 years 333 days
Bhagwath Chandrasekhar , May , 17 , 1945 , Mysore , Karnataka , 0 , NA , 71 years 338 days
Rajinder Pal , November , 18 , 1937 , Delhi , Delhi , 0 , NA , 79 years 153 days
Hanumant Singh , March , 29 , 1939 , Banswara , Rajasthan , 1 , November 29 2006 , 67  years 0 days
Prince Indrajitsinhji , June , 15 , 1937 , Jamnagar , Gujarat , 1 , March 12 2011 , 74  years 0 days
Srinivas Venkataraghavan , April , 21 , 1945 , Madras (now Chennai) , Madras (now Chennai) , 0 , NA , 71 years 364 days
Venkataraman Subramanya , July , 16 , 1936 , Bangalore , Karnataka , 0 , NA , 80 years 278 days
Ajit Wadekar , April , 1 , 1941 , Bombay (now Mumbai) , Maharashtra , 0 , NA , 76 years 19 days
Bishan Bedi , September , 25 , 1946 , Amritsar , Punjab , 0 , NA , 70 years 207 days
Subrata Guha , January , 31 , 1946 , Calcutta (now Kolkata) , Bengal , 1 , November 5 2003 , 57  years 0 days
Ramesh Saxena , September , 20 , 1944 , Delhi , Delhi , 1 , August 16 2011 , 67  years 0 days
Syed Abid Ali , September , 9 , 1941 , Hyderabad , Andhra Pradesh , 0 , NA , 75 years 223 days
Umesh Kulkarni , March , 7 , 1942 , Alibagh , Maharashtra , 0 , NA , 75 years 44 days
Chetan Chauhan , July , 21 , 1947 , Bareilly , Uttar Pradesh , 0 , NA , 69 years 273 days
Ashok Mankad , October , 12 , 1946 , Bombay (now Mumbai) , Maharashtra , 1 , August 1 2008 , 62  years 0 days
Ajit Pai , April , 28 , 1945 , Bombay (now Mumbai) , Maharashtra , 0 , NA , 71 years 357 days
Ambar Roy , June , 5 , 1945 , Calcutta (now Kolkata) , Bengal , 1 , September 19 1997 , 52  years 0 days
Ashok Gandotra , November , 24 , 1948 , Rio de Janeiro , Brazil , 0 , NA , 68 years 147 days
Eknath Solkar , March , 18 , 1948 , Bombay (now Mumbai) , Maharashtra , 1 , June 26 2005 , 57  years 0 days
Gundappa Viswanath , February , 12 , 1949 , Bhadravati , Mysore , 0 , NA , 68 years 67 days
Mohinder Amarnath , September , 24 , 1950 , Patiala , Punjab , 0 , NA , 66 years 208 days
Kenia Jayantilal , January , 13 , 1948 , Hyderabad , Andhra Pradesh , 0 , NA , 69 years 97 days
Pochiah Krishnamurthy , July , 12 , 1947 , Hyderabad , Andhra Pradesh , 1 , January 28 1999 , 52  years 0 days
Sunil Gavaskar , July , 10 , 1949 , Bombay (now Mumbai) , Maharashtra , 0 , NA , 67 years 284 days
Ramnath Parkar , October , 31 , 1946 , Bombay (now Mumbai) , Maharashtra , 1 , August 11 1999 , 53  years 0 days
Madan Lal , March , 20 , 1951 , Amritsar , Punjab , 0 , NA , 66 years 31 days
Brijesh Patel , November , 24 , 1952 , Baroda , Gujarat , 0 , NA , 64 years 147 days
Sudhir Naik , February , 21 , 1945 , Bombay (now Mumbai) , Maharashtra , 0 , NA , 72 years 58 days
Hemant Kanitkar , December , 8 , 1942 , Amravati , Maharashtra , 1 , June 9 2015 , 73  years 0 days
Parthasarthi Sharma , January , 5 , 1948 , Alwar , Rajasthan , 1 , October 20 NA , NA  years 0 days
Anshuman Gaekwad , September , 23 , 1952 , Bombay (now Mumbai) , Maharashtra , 0 , NA , 64 years 209 days
Karsan Ghavri , February , 28 , 1951 , Rajkot , Gujarat , 0 , NA , 66 years 51 days
Surinder Amarnath , December , 30 , 1948 , Kanpur , Uttar Pradesh , 0 , NA , 68 years 111 days
Syed Kirmani , December , 29 , 1949 , Madras (now Chennai) , Madras (now Chennai) , 0 , NA , 67 years 112 days
Dilip Vengsarkar , April , 6 , 1956 , Rajapur , Maharashtra , 0 , NA , 61 years 14 days
Yajurvindra Singh , August , 1 , 1952 , Rajkot , Gujarat , 0 , NA , 64 years 262 days
Kapil Dev , January , 6 , 1959 , Chandigarh , Chandigarh , 0 , NA , 58 years 104 days
Bobjee Narasimha Rao , August , 11 , 1954 , Secunderabad , Andhra Pradesh , 0 , NA , 62 years 252 days
Dhiraj Parsana , December , 2 , 1947 , Rajkot , Gujarat , 0 , NA , 69 years 139 days
Bharath Reddy , November , 12 , 1954 , Madras (now Chennai) , Madras (now Chennai) , 0 , NA , 62 years 159 days
Yashpal Sharma , August , 11 , 1954 , Ludhiana , Punjab , 0 , NA , 62 years 252 days
Dilip Doshi , December , 22 , 1947 , Rajkot , Gujarat , 0 , NA , 69 years 119 days
Shivlal Yadav , January , 26 , 1957 , Hyderabad , Andhra Pradesh , 0 , NA , 60 years 84 days
Roger Binny , July , 19 , 1955 , Bangalore , Karnataka , 0 , NA , 61 years 275 days
Sandeep Patil , August , 18 , 1956 , Bombay (now Mumbai) , Maharashtra , 0 , NA , 60 years 245 days
Kirti Azad , January , 2 , 1959 , Purnea , Bihar , 0 , NA , 58 years 108 days
Ravi Shastri , May , 27 , 1962 , Bombay (now Mumbai) , Maharashtra , 0 , NA , 54 years 328 days
Yograj Singh , March , 25 , 1958 , Chandigarh , Chandigarh , 0 , NA , 59 years 26 days
Tirumalai Srinivasan , October , 26 , 1950 , Madras (now Chennai) , Madras (now Chennai) , 1 , December 6 NA , NA  years 0 days
Kris Srikkanth , December , 21 , 1959 , Madras (now Chennai) , Madras (now Chennai) , 0 , NA , 57 years 120 days
Ashok Malhotra , January , 26 , 1957 , Amritsar , Punjab , 0 , NA , 60 years 84 days
Pranab Roy , February , 10 , 1957 , Calcutta (now Kolkata) , Bengal , 0 , NA , 60 years 69 days
Ghulam Parkar , October , 25 , 1955 , Kaluste , Maharashtra , 0 , NA , 61 years 177 days
Suru Nayak , October , 20 , 1954 , Bombay (now Mumbai) , Maharashtra , 0 , NA , 62 years 182 days
Arun Lal , August , 1 , 1955 , Moradabad , Uttar Pradesh , 0 , NA , 61 years 262 days
Rakesh Shukla , February , 4 , 1948 , Kanpur , Uttar Pradesh , 0 , NA , 69 years 75 days
Maninder Singh , June , 13 , 1965 , Poona (now Pune) , Maharashtra , 0 , NA , 51 years 311 days
Balwinder Sandhu , August , 3 , 1956 , Bombay (now Mumbai) , Maharashtra , 0 , NA , 60 years 260 days
Thirumalai Sekhar , March , 28 , 1956 , Madras (now Chennai) , Madras (now Chennai) , 0 , NA , 61 years 23 days
Laxman Sivaramakrishnan , December , 31 , 1965 , Madras (now Chennai) , Madras (now Chennai) , 0 , NA , 51 years 110 days
Raghuram Bhat , April , 16 , 1958 , Puttur , Mysore , 0 , NA , 59 years 4 days
Navjot Sidhu , October , 20 , 1963 , Patiala , Punjab , 0 , NA , 53 years 182 days
Chetan Sharma , January , 3 , 1966 , Ludhiana , Punjab , 0 , NA , 51 years 107 days
Manoj Prabhakar , April , 15 , 1963 , Ghaziabad , Uttar Pradesh , 0 , NA , 54 years 5 days
Mohammad Azharuddin , February , 8 , 1963 , Hyderabad , Andhra Pradesh , 0 , NA , 54 years 71 days
Gopal Sharma , August , 3 , 1960 , Kanpur , Uttar Pradesh , 0 , NA , 56 years 260 days
Lalchand Rajput , December , 18 , 1961 , Bombay (now Mumbai) , Maharashtra , 0 , NA , 55 years 123 days
Sadanand Viswanath , November , 29 , 1962 , Bangalore , Karnataka , 0 , NA , 54 years 142 days
Kiran More , September , 4 , 1962 , Baroda , Gujarat , 0 , NA , 54 years 228 days
Chandrakant Pandit , September , 30 , 1961 , Bombay (now Mumbai) , Maharashtra , 0 , NA , 55 years 202 days
Raju Kulkarni , September , 25 , 1962 , Bombay (now Mumbai) , Maharashtra , 0 , NA , 54 years 207 days
Bharat Arun , December , 14 , 1962 , Vijayawada , Andhra Pradesh , 0 , NA , 54 years 127 days
Raman Lamba , January , 2 , 1960 , Meerut , Uttar Pradesh , 1 , February 22 1998 , 38  years 0 days
Arshad Ayub , August , 2 , 1958 , Hyderabad , Andhra Pradesh , 0 , NA , 58 years 261 days
Sanjay Manjrekar , July , 12 , 1965 , Mangalore , Mysore , 0 , NA , 51 years 282 days
Narendra Hirwani , October , 18 , 1968 , Gorakhpur , Uttar Pradesh , 0 , NA , 48 years 184 days
Woorkeri Raman , May , 23 , 1965 , Madras (now Chennai) , Madras (now Chennai) , 0 , NA , 51 years 332 days
Ajay Sharma , April , 3 , 1964 , Delhi , Delhi , 0 , NA , 53 years 17 days
Rashid Patel , June , 1 , 1964 , Sabarkantha , Gujarat , 0 , NA , 52 years 323 days
Sanjeev Sharma , August , 25 , 1965 , Delhi , Delhi , 0 , NA , 51 years 238 days
Margashayam Venkataramana , April , 24 , 1966 , Secunderabad , Andhra Pradesh , 0 , NA , 50 years 361 days
Salil Ankola , March , 1 , 1968 , Sholapur , Maharashtra , 0 , NA , 49 years 50 days
Sachin Tendulkar , April , 24 , 1973 , Bombay (now Mumbai) , Maharashtra , 0 , NA , 43 years 361 days
Vivek Razdan , August , 25 , 1969 , Delhi , Delhi , 0 , NA , 47 years 238 days
Venkatapathy Raju , July , 9 , 1969 , Alamuru , Hyderabad| Andhra Pradesh , 0 , NA , 47 years 285 days
Atul Wassan , March , 23 , 1968 , Delhi , Delhi , 0 , NA , 49 years 28 days
Gursharan Singh , March , 8 , 1963 , Amritsar , Punjab , 0 , NA , 54 years 43 days
Anil Kumble , October , 17 , 1970 , Bangalore , Karnataka , 0 , NA , 46 years 185 days
Javagal Srinath , August , 31 , 1969 , Mysore , Karnataka , 0 , NA , 47 years 232 days
Subroto Banerjee , February , 13 , 1969 , Patna , Bihar , 0 , NA , 48 years 66 days
Pravin Amre , August , 14 , 1968 , Bombay (now Mumbai) , Maharashtra , 0 , NA , 48 years 249 days
Ajay Jadeja , February , 1 , 1971 , Jamnagar , Gujarat , 0 , NA , 46 years 78 days
Rajesh Chauhan , December , 19 , 1966 , Ranchi , Bihar , 0 , NA , 50 years 122 days
Vinod Kambli , January , 18 , 1972 , Bombay (now Mumbai) , Maharashtra , 0 , NA , 45 years 92 days
Vijay Yadav , March , 14 , 1967 , Gonda , Uttar Pradesh , 0 , NA , 50 years 37 days
Nayan Mongia , December , 19 , 1969 , Baroda , Gujarat , 0 , NA , 47 years 122 days
Aashish Kapoor , March , 25 , 1971 , Madras (now Chennai) , Tamil Nadu , 0 , NA , 46 years 26 days
Sunil Joshi , June , 6 , 1970 , Gadag , Karnataka , 0 , NA , 46 years 318 days
Paras Mhambrey , June , 20 , 1972 , Bombay (now Mumbai) , Maharashtra , 0 , NA , 44 years 304 days
Venkatesh Prasad , August , 5 , 1969 , Bangalore , Karnataka , 0 , NA , 47 years 258 days
Vikram Rathour , March , 26 , 1969 , Jullundur (now Jalandhar) , Punjab , 0 , NA , 48 years 25 days
Rahul Dravid , January , 11 , 1973 , Indore , Madhya Pradesh , 0 , NA , 44 years 99 days
Sourav Ganguly , July , 8 , 1972 , Calcutta (now Kolkata) , Bengal , 0 , NA , 44 years 286 days
David Johnson , October , 16 , 1971 , Arasikere , Karnataka , 0 , NA , 45 years 186 days
VVS Laxman , November , 1 , 1974 , Hyderabad , Andhra Pradesh , 0 , NA , 42 years 170 days
Dodda Ganesh , June , 30 , 1973 , Bangalore , Karnataka , 0 , NA , 43 years 294 days
Abey Kuruvilla , August , 8 , 1968 , Mannar , Allepey (now Alappuzha)| Kerala , 0 , NA , 48 years 255 days
Nilesh Kulkarni , April , 3 , 1973 , Dombivli , Maharashtra , 0 , NA , 44 years 17 days
Debasis Mohanty , July , 20 , 1976 , Bhubaneswar , Orissa , 0 , NA , 40 years 274 days
Harvinder Singh , December , 23 , 1977 , Amritsar , Punjab , 0 , NA , 39 years 118 days
Harbhajan Singh , July , 3 , 1980 , Jullundur (now Jalandhar) , Punjab , 0 , NA , 36 years 291 days
Ajit Agarkar , December , 4 , 1977 , Bombay (now Mumbai) , Maharashtra , 0 , NA , 39 years 137 days
Robin Singh , September , 14 , 1963 , Princes Town , Trinidad , 0 , NA , 53 years 218 days
Robin Singh , January , 1 , 1970 , Delhi , Delhi , 0 , NA , 47 years 109 days
Sadagoppan Ramesh , October , 16 , 1975 , Madras (now Chennai) , Tamil Nadu , 0 , NA , 41 years 186 days
Ashish Nehra , April , 29 , 1979 , Delhi , Delhi , 0 , NA , 37 years 356 days
Devang Gandhi , September , 6 , 1971 , Bhavnagar , Gujarat , 0 , NA , 45 years 226 days
Mannava Prasad , April , 24 , 1975 , Guntur , Andhra Pradesh , 0 , NA , 41 years 361 days
Vijay Bharadwaj , August , 15 , 1975 , Bangalore , Karnataka , 0 , NA , 41 years 248 days
Hrishikesh Kanitkar , November , 14 , 1974 , Pune , Maharashtra , 0 , NA , 42 years 157 days
Wasim Jaffer , February , 16 , 1978 , Bombay (now Mumbai) , Maharashtra , 0 , NA , 39 years 63 days
Murali Kartik , September , 11 , 1976 , Madras (now Chennai) , Tamil Nadu , 0 , NA , 40 years 221 days
Nikhil Chopra , December , 26 , 1973 , Allahabad , Uttar Pradesh , 0 , NA , 43 years 115 days
Mohammad Kaif , December , 1 , 1980 , Allahabad , Uttar Pradesh , 0 , NA , 36 years 140 days
Shiv Sunder Das , November , 5 , 1977 , Bhubaneswar , Orissa , 0 , NA , 39 years 166 days
Saba Karim , November , 14 , 1967 , Patna , Bihar , 0 , NA , 49 years 157 days
Zaheer Khan , October , 7 , 1978 , Shrirampur , Maharashtra , 0 , NA , 38 years 195 days
Vijay Dahiya , May , 10 , 1973 , Delhi , Delhi , 0 , NA , 43 years 345 days
Sarandeep Singh , October , 21 , 1979 , Amritsar , Punjab , 0 , NA , 37 years 181 days
Rahul Sanghvi , September , 3 , 1974 , Surat , Gujarat , 0 , NA , 42 years 229 days
Sairaj Bahutule , January , 6 , 1973 , Bombay (now Mumbai) , Maharashtra , 0 , NA , 44 years 104 days
Sameer Dighe , October , 8 , 1968 , Bombay (now Mumbai) , Maharashtra , 0 , NA , 48 years 194 days
Hemang Badani , November , 14 , 1976 , Madras (now Chennai) , Tamil Nadu , 0 , NA , 40 years 157 days
Deep Dasgupta , June , 7 , 1977 , Calcutta (now Kolkata) , Bengal , 0 , NA , 39 years 317 days
Virender Sehwag , October , 20 , 1978 , Delhi , Delhi , 0 , NA , 38 years 182 days
Sanjay Bangar , October , 11 , 1972 , Bid , Maharashtra , 0 , NA , 44 years 191 days
Iqbal Siddiqui , December , 26 , 1974 , Aurangabad , Maharashtra , 0 , NA , 42 years 115 days
Tinu Yohannan , February , 18 , 1979 , Quilon (now Kollam) , Kerala , 0 , NA , 38 years 61 days
Ajay Ratra , December , 13 , 1981 , Faridabad , Haryana , 0 , NA , 35 years 128 days
Parthiv Patel , March , 9 , 1985 , Ahmedabad , Gujarat , 0 , NA , 32 years 42 days
Lakshmipathy Balaji , September , 27 , 1981 , Madras (now Chennai) , Tamil Nadu , 0 , NA , 35 years 205 days
Aakash Chopra , September , 19 , 1977 , Agra , Uttar Pradesh , 0 , NA , 39 years 213 days
Yuvraj Singh , December , 12 , 1981 , Chandigarh , Chandigarh , 0 , NA , 35 years 129 days
Irfan Pathan , October , 27 , 1984 , Baroda , Gujarat , 0 , NA , 32 years 175 days
Gautam Gambhir , October , 14 , 1981 , Delhi , Delhi , 0 , NA , 35 years 188 days
Dinesh Karthik , June , 1 , 1985 , Madras (now Chennai) , Tamil Nadu , 0 , NA , 31 years 323 days
MS Dhoni , July , 7 , 1981 , Ranchi , Bihar (now Jharkhand) , 0 , NA , 35 years 287 days
RP Singh , December , 6 , 1985 , Rae Bareli , Uttar Pradesh , 0 , NA , 31 years 135 days
Sreesanth , February , 6 , 1983 , Kothamangalam , Kerala , 0 , NA , 34 years 73 days
Piyush Chawla , December , 24 , 1988 , Aligarh , Uttar Pradesh , 0 , NA , 28 years 117 days
Munaf Patel , July , 12 , 1983 , Ikhar , Gujarat , 0 , NA , 33 years 282 days
Vikram Singh , September , 17 , 1984 , Chandigarh , Punjab| India , 0 , NA , 32 years 215 days
Ramesh Powar , May , 20 , 1978 , Bombay (now Mumbai) , Maharashtra , 0 , NA , 38 years 335 days
Ishant Sharma , September , 2 , 1988 , Delhi , Delhi , 0 , NA , 28 years 230 days
Amit Mishra , November , 24 , 1982 , Delhi , Delhi , 0 , NA , 34 years 147 days
Murali Vijay , April , 1 , 1984 , Chennai , Chennai , 0 , NA , 33 years 19 days
Pragyan Ojha , September , 5 , 1986 , Bhubaneswar , Orissa , 0 , NA , 30 years 227 days
S Badrinath , August , 30 , 1980 , Madras (now Chennai) , Tamil Nadu , 0 , NA , 36 years 233 days
Wriddhiman Saha , October , 24 , 1984 , Shaktigarh , Shaktigarh , 0 , NA , 32 years 178 days
Abhimanyu Mithun , October , 25 , 1989 , Bangalore , Bangalore , 0 , NA , 27 years 177 days
Suresh Raina , November , 27 , 1986 , Muradnagar , Ghaziabad| Uttar Pradesh , 0 , NA , 30 years 144 days
Cheteshwar Pujara , January , 25 , 1988 , Rajkot , Gujarat , 0 , NA , 29 years 85 days
Jaydev Unadkat , October , 18 , 1991 , Porbandar , Porbandar , 0 , NA , 25 years 184 days
Virat Kohli , November , 5 , 1988 , Delhi , Delhi , 0 , NA , 28 years 166 days
Praveen Kumar , October , 2 , 1986 , Meerut , Uttar Pradesh , 0 , NA , 30 years 200 days
Abhinav Mukund , January , 6 , 1990 , Madras (now Chennai) , Tamil Nadu , 0 , NA , 27 years 104 days
Ravichandran Ashwin , September , 17 , 1986 , Madras (now Chennai) , Tamil Nadu , 0 , NA , 30 years 215 days
Umesh Yadav , October , 25 , 1987 , Nagpur , Maharashtra , 0 , NA , 29 years 177 days
Varun Aaron , October , 29 , 1989 , Singhbhum , Bihar (now Jharkhand) , 0 , NA , 27 years 173 days
Vinay Kumar , February , 12 , 1984 , Davanagere , Karnataka , 0 , NA , 33 years 67 days
Ravindra Jadeja , December , 6 , 1988 , Navagam-Khed , Saurashtra , 0 , NA , 28 years 135 days
Bhuvneshwar Kumar , February , 5 , 1990 , Meerut , Uttar Pradesh , 0 , NA , 27 years 74 days
Shikhar Dhawan , December , 5 , 1985 , Delhi , Delhi , 0 , NA , 31 years 136 days
Ajinkya Rahane , June , 6 , 1988 , Ashwi-KD , Maharashtra , 0 , NA , 28 years 318 days
Mohammed Shami , September , 3 , 1990 , Amroha , Uttar Pradesh , 0 , NA , 26 years 229 days
Rohit Sharma , April , 30 , 1987 , Bansod , Nagpur| Maharashtra , 0 , NA , 29 years 355 days
Stuart Binny , June , 3 , 1984 , Bangalore , Karnataka , 0 , NA , 32 years 321 days
Pankaj Singh , May , 6 , 1985 , Sultanpur , Uttar Pradesh , 0 , NA , 31 years 349 days
Karn Sharma , October , 23 , 1987 , Meerut , Uttar Pradesh , 0 , NA , 29 years 179 days
Lokesh Rahul , April , 18 , 1992 , Bangalore , Karnataka , 0 , NA , 25 years 2 days
Naman Ojha , July , 20 , 1983 , Ujjain , Madhya Pradesh , 0 , NA , 33 years 274 days
Jayant Yadav , January , 22 , 1990 , Delhi , Delhi , 0 , NA , 27 years 88 days
Karun Nair , December , 6 , 1991 , Jodhpur , Rajasthan , 0 , NA , 25 years 135 days
